{
  "project_info": {
    "project_number": "535135692769",
    "project_id": "flutter-firebase-crud-ap-9413e",
    "storage_bucket": "flutter-firebase-crud-ap-9413e.appspot.com"
  },
  "client": [
    {
      "client_info": {
        "mobilesdk_app_id": "1:535135692769:android:1fdd0bc173bc0e2ffad4a0",
        "android_client_info": {
          "package_name": "com.example.flutter_firebase_crud_app"
        }
      },
      "oauth_client": [
        {
          "client_id": "535135692769-ogjc6npip0v042au9shkvc5qf5pnvcf2.apps.googleusercontent.com",
          "client_type": 3
        }
      ],
      "api_key": [
        {
          "current_key": "AIzaSyCklm-48wxzzARnw99HMJnle2PHzGeMGuE"
        }
      ],
      "services": {
        "appinvite_service": {
          "other_platform_oauth_client": [
            {
              "client_id": "535135692769-ogjc6npip0v042au9shkvc5qf5pnvcf2.apps.googleusercontent.com",
              "client_type": 3
            }
          ]
        }
      }
    }
  ],
  "configuration_version": "1"
}